-2.9445603083871474,2.56017191594177
-3.7202717665186698,2.624091998213137
-4.087748763644351,0.5981918985775416
-3.773871471287912,-0.8606191296345503
-2.773640150989297,-7.0174488809931415
-2.885606558566017,-4.3297229204473
-3.3203077432591543,0.05751967877815112
-2.9943412864628614,-6.465805224350456
-3.869292779916039,3.8134048172948427
-3.611262919599237,-1.065626707423534
-4.136028121039475,0.07165738411830114
-3.3884389669578687,-2.1269283969780552
-3.1066168739544366,-3.8789437754814418
-3.3575140618453445,-0.793018359753248
-2.749955443102782,-6.0312030624235495
-2.5193236995702377,-5.909507653515611
-3.9420902504141178,1.0878283262406714
-4.254924710291082,4.304330121666811
-4.001250323184259,-0.2369642253052111
-3.043135254653943,-3.555181271095596
-3.6631895063010185,1.4222383752979622
-4.228259478983926,0.17469094992337802
-3.855184785291918,5.906478829876956
-2.4958152755349983,-5.494486722299797
-2.917862373495914,-6.084808257553668
-3.2575042797448965,-2.698400439565886
-2.5313247221621054,-6.139492193035107
-3.675649330733806,4.522060213018781
-3.11198375433415,0.42461808159089764
-2.8995823116862707,-3.233024902128706
-3.0746876055037005,-1.9072703566568272
-3.3473152639768555,0.8588675630226589
-3.0503127311516356,0.16276803691264935
-3.8797726672556356,2.1122780575608147
-2.857797873516483,-2.2472055170209
-3.8766627748452467,-1.3011127863268528
-3.567602207329538,0.6320323214587529
-4.165903563861767,4.907519345842714
-3.2696964774979667,-2.9243172633259977
-3.1099794761079687,-1.8279275107634079
-2.0213692338944935,-7.606971707467315
-3.0853248532600226,-3.494026599223896
-3.970460714353522,1.9191645618076119
-4.1017195838647345,0.34732975782425324
-3.040251097098339,-3.6825687265250293
-2.798554892647023,-1.8970177206675474
-3.8696450839518213,-1.0537404221043145
-4.333640208221561,4.571525687318228
-2.944494807683661,-3.2555483615096272
-2.9639212297335495,-2.01341565779628
-2.8091724033547294,-8.487059095742534
-3.539071768411078,-3.122702739370201
-3.63321625134488,0.252376992529136
-2.842614857921112,-7.736065235740538
-3.94057229656157,6.736382193490316
-3.5905911774800385,-3.980191063990749
-3.58843440074657,-2.4627340808180316
-3.075499192688608,-1.9136524463875508
-3.4563843091660376,-1.008248482735369
-3.6410372436774816,1.4779380326904983
-3.509112740854041,0.864079675709642
-2.3986016752479684,-5.819352320631205
-4.363881767888247,5.847768454667538
-3.401048639322434,2.898094920335717
-4.122689258635821,1.9898892970967768
-4.035288598144439,2.9830683414417583
-2.7010484007725095,-6.246601078381023
-2.6763803627179175,-4.7778595946186835
-2.997023685492585,-6.846502619485403
-2.3953782094294684,-3.894679419161747
-3.0788879969450367,-5.1675717319047125
-3.551843576133273,2.1982045047464243
-3.411715923937386,-0.037204056682840714
-3.7065474707115365,1.4625923492225024
-3.747738435928193,3.149770292470891
-3.9829389826785038,4.033899839797683
-3.842480301730108,4.288236234243069
-2.994882284099163,-3.48929035604432
-3.432744736830284,0.9154566392922916
-2.0741552863842974,-8.269188947340938
-2.7534383451570177,-4.907696983523234
-3.8515856084930373,-3.2551752199041846
-3.6756462156052434,0.161466488733092
-3.456827341504358,2.8617985878073133
-2.702342580852144,-5.8704407155140155
-3.825260128242461,-0.03532993632776599
-2.6897196716970844,-2.9593309024067342
-3.7661605006538355,-1.8284114749606806
-3.7252200924657184,-1.2588508155505675
-3.223699290455248,4.370080890538246
-3.1475709898286324,-1.2571499049202135
-3.077319263263513,0.7935758945836733
-3.356304991928205,-6.003337678135169
-3.5056736010420924,2.2032092860675574
-4.2974221367432515,-1.1791620223704806
-3.9075942978429286,3.404800949603714
-3.2145414636356997,-2.102429583851351
-3.0026904825149803,-5.6093078657132605
-2.89529685354108,-3.7481206085750367
-4.582858900425578,4.31486838498292
-3.8342935774445013,-0.3202919495659849
-2.7505846812879993,-2.8675331795509997
-3.7861559047460482,5.173795830074999
-3.2524654149117005,-6.212341872105713
-2.739464211589313,-4.119263193343637
-3.2821200404694446,-5.2680236422812445
-2.7401004151395902,-4.135484818450545
-3.1219645035082753,-3.579265918025307
-3.0220448377796703,-1.8130840986940178
-2.986939320045915,-5.540800612586058
-3.9509999922231454,2.7584009070004103
-3.1109574787313647,-0.5332299676743274
-2.6288478277496456,1.4623596615802166
-2.816162470425153,-3.6390456992320237
-3.5322628517818973,-3.2767101547493858
-3.285547939096869,0.5984241949826183
-2.887481978301671,-2.9794489303056695
-3.443794564774803,-0.5473945129032529
-3.6144495879418006,-0.851824033471881
-2.707912411733012,-4.800725854824182
-3.7817327031091974,6.583474796214772
-4.1415245185482545,7.663506079608354
-3.3647822396162947,-3.1701180176052945
-3.0981484067830074,1.8443426878522635
-4.654106384349838,7.922400284812898
-3.5988958963208595,1.2805461519363877
-3.65748969518333,-2.4720484909328087
-3.0888621400126604,-3.7763574961830564
-2.1246606182785666,-5.280106313341572
-2.9727138230224317,-0.6127130732178644
-4.486354781084792,0.5967737807383479
-3.2243866507599472,-3.8994724734988067
-3.3824736151218247,-1.9407155067305661
-3.6077605896151623,1.3194457357279383
-3.339574931439209,-2.087832924114174
-3.377599699523849,-1.0389550987441825
-3.0761306088651525,-2.433053363984514
-2.991040323317549,2.1438548767322834
-2.9097761502822634,-3.490237517162619
-2.969202045127337,-7.083755538929472
-2.6767501102290727,-4.220267987901465
-2.1268940235504976,-5.233277756682718
-3.564478226293334,-1.675056724690056
-3.546656172991915,-0.05802712651306946
-2.501785442601138,-8.68626452371754
-2.7770854132717977,-6.326344942609307
-3.804689952247097,1.5436931134931928
-4.047905417982009,-0.20200676846389792
-3.3714123999061427,-2.253135540792268
-3.133558067060226,-1.7678021145548364
-3.1662071020649396,-0.7957355365901666
-2.6419483455347916,-2.489483428080582
-3.298749592128,-4.099171254623456
-3.9659025714713825,6.8227806843002385
-3.48901468629488,-1.5399577104380802
-3.364505599630705,-8.830715313540917
-2.7274027649690282,-3.170879560592397
-4.358730996886978,2.9801136183442627
-2.949059931151751,-4.807230751754689
-2.979462775669968,-2.399766397036122
-3.703027092695852,0.4054694494203449
-4.309372495424336,6.219922454762235
-2.7417134035955026,-1.4491631334322492
-3.3913484034642623,-1.872898613069573
-3.739656763659496,2.061858186447505
-2.541802872728601,-5.933263245015825
-3.591006223894261,1.5376336294706061
-4.397918376614238,6.292382125624117
-4.024813159730554,2.269251594037737
-3.4681984394792917,1.6333693857442961
-4.197877829532603,2.195511738719306
-2.977857789899388,-1.3914552690400859
-3.2747579616527056,-0.6137667757102343
-2.683873982635203,-8.583223748935218
-3.2244658063738365,0.7844809469162684
-2.508574699299027,-2.7374203610265178
-3.265303074144706,-1.3903168995968351
-3.489427964251756,-4.303011663793914
-2.933851469531041,-2.5102411802392486
-3.624663236547972,0.7138057265769414
-2.587505926589428,-5.836844763234738
-3.2831608918268835,-2.1647901816282884
-3.855952976980586,0.6814629278594839
-3.480718718917254,0.24773280236829442
-2.5589343278111025,-2.3625115396486596
-3.7832847698132537,-1.5102276376047323
-2.5418580431276916,-10.705200278599438
-3.5861947693914296,-2.295269461591456
-3.180347950685321,-2.3957259884425888
-3.178150464152202,-0.7302188504671491
-3.311053955567152,-1.4806591653610863
-3.3193230771864735,-2.728570357160899
-3.0128006964751424,-4.127395279274756
-2.7761654757202354,-8.431989417648081
-3.6537836952554845,1.2105060893542157
-3.6328274367470126,0.19998285164297808
-2.0326184580386295,-8.685787130411066
-3.9481847896774678,-0.18000064303580082
-4.272440312605219,-0.054627564113688076
-3.018217404434199,-2.1367301182844214
-3.22853316841157,-1.2098346526524988
-3.547014733643642,1.743623314643908
-3.358380609656328,-2.98357641647971
-3.7519885192223676,0.0480176989815404
-3.902423735315522,3.401172432493992
-3.5116036805799458,-0.9883869363238216
-2.835352251389902,-4.499398095325974
-3.9573865615880437,-0.7647447243658164
-4.177023464175334,0.5743839800685574
-2.7887868935629787,-5.008373511735422
-3.4233666858621676,-1.1544278118804427
-2.994659514363449,-3.7666567817722627
-1.8902665555027742,-6.2161120973084065
-3.183663837458956,-3.6519891252009473
-2.57410397877742,-2.76989371052896
-3.852521995185559,-0.45446746021585716
-3.8791321036094395,0.19084502131906228
-3.0587975028371774,-2.0524346046741186
-4.074410511704119,2.4422623196873827
-3.8076413101543913,0.08439094992416174
-3.2884552276229924,0.5494921248437898
-4.3949411084131444,5.998905454468089
-3.5000696247705902,-2.1416892506373433
-2.968938922614509,-2.3631373386315926
-3.590979843256704,-4.074234126420711
-3.141879590633393,1.699837523834344
-3.1926596084224004,-1.7790459274516068
-3.6100336932049486,2.334769108195871
-3.1964304561004537,-0.0901157042757762
-3.901281381815217,-0.5761885380332261
-3.2230828678322294,1.232203395918726
-2.2955496102506383,-10.01086066271689
-3.354766525259663,-0.3974976346363702
-4.076350355973607,8.497351659956912
-3.3417164107057777,2.6078643841574314
-3.284496719118051,-1.9343261800481526
-3.109614529484271,-4.816099464129922
-2.997417060911985,-0.478434990515887
-3.7008749653006294,-1.284850060029276
-3.9023743955897845,2.452778550546027
-2.615143887724442,-0.4300979817395244
-3.0623191246823316,-6.889260578985879
-3.803027598546762,-1.202944454012014
-3.4037723852657287,0.6202932726438383
-3.2670632192210056,-3.5013210948169293
-3.079653307385265,-2.464040766338686
-2.9183449419890826,-2.138843908788039
-3.105620036808921,-7.964593092254243
-2.9568189251229295,-5.399182761488536
-3.630305952000269,7.781470582165497
-2.3290596490174647,-9.595549424898424
-2.964688437351609,2.147661723468791
-4.203649994650879,2.4392113829056163
-3.4745719059758136,-0.6722157717337576
-3.015425698930351,-6.759660923505361
-2.7610758009690244,-4.904272514185002
-2.9707225564450868,-1.5281558847431977
-3.2765414550939362,-1.9221020414989956
-3.9116903570896064,2.2441031768894097
-2.873184468323561,-1.7475418993263325
-2.268319887514576,-7.3933561147946305
-3.575349120762365,-0.44059979057367293
-3.4305471015396307,-2.344145759789589
-3.377323382350334,-2.595354741686242
-3.8112302511902585,0.1556022323102868
-3.7254863552887936,0.95003523050342
-3.8477620262329637,-0.699919668052971
-3.9662617465935552,1.7380813419717434
-3.2203453158356146,1.3533839516738968
-2.431212214450934,-6.098919718580249
-3.0590422481182324,-3.6589488290277696
-3.4579459647824713,-4.377225417712395
-3.4485763326746053,1.2657470452328061
-3.5127987275750905,-0.21369246427089528
-2.5448430841490675,-6.782762941591287
-3.17252206360398,1.365330243325482
-3.512854934705575,-2.0979941300206337
-3.195300810329976,-4.2391779684398045
-3.0627481075972494,-8.95085020322234
-2.7903218474357017,-1.0039804785928952
-3.3418480317578525,2.4501872484825014
-2.432055424677472,-8.24553459320737
-3.431431845370563,0.3443465433922872
-4.12266396400688,1.6521432222020724
-4.290190750263629,4.40461727131898
-3.4818731100871405,-0.257080040064889
-3.240353955709846,0.06709219554723772
-2.9746091130061107,-2.453588443037589
-3.252620895402487,0.7305379989331785
-3.828907229969234,4.510538459905931
-2.7671495163497055,-3.047055511404376
-3.8191098545889637,4.01123420340608
-3.099029316891234,-3.7009817362153505
-5.149076555395887,6.825340819928988
-3.225623494506754,-2.9192526894898547
-2.43641987039161,-3.525446827249311
-3.521080165804372,1.0843778099615298
-2.2792699366537676,-7.3607012626364074
-3.9684397351502714,3.6044182281437385
-3.2459353488542684,-1.7441354708187031
-4.2708529144732665,3.4101029301183026
-2.7077019131736675,-5.210501392319212
-4.074815296036505,1.2842511324038175
-3.8330864478263176,-1.0855544397016592
-4.1232785850644005,2.720521541662463
-2.6949498900275097,-6.369144997024062
-3.849512055926445,-0.4458986015021449
-3.91754765530752,3.4578099950595447
-2.3141648590239448,-8.583369474556973
-2.91402373710738,-2.558622741199062
-3.0313436940058236,-1.8324148580680168
-3.400382005996,4.235348954377798
-3.6741384821612955,-2.519307799482445
-3.3937508310099975,-2.0567660938075996
-2.8089793276835247,-1.4780649118240643
-4.532377567039245,5.047336274390851
-3.743687438852375,-3.846694413015005
-2.938738297131601,-3.46367449643885
-2.2035127680640882,-10.016014618440984
-3.4497928626501144,-5.600419367070048
-3.620526522348869,1.1337282314565547
-4.240909012741368,5.075550297093568
-2.408811441747993,-1.0108893331629574
-3.351032145420981,-4.443606312188256
-3.319245860503966,1.3735949456229415
-3.0813135085164713,-1.7221432044656884
-3.5830237944570595,0.41935888576841246
-3.054077702569103,-6.778969353684145
-3.31192361407491,-1.2089116287524913
-3.8474211177074875,2.5339680999584218
-2.8310993704489076,-3.166354714054414
-2.7351086989114224,-5.720611850250649
-2.6199166171566373,-6.04231777510997
-3.2093150141621707,-4.036246797160078
-2.942694363280725,-4.560862991813538
-2.5459521097321054,-6.678651636175284
-3.594922576729686,-0.11851527677810142
-3.0194339318865064,-6.311875013973658
-4.0952590727652805,1.5515742141099738
-3.9635180711239335,4.889564255017138
-2.856121358028844,-1.2978654833307806
-2.2200528107973647,-11.531879868557574
-3.213080044976299,-3.8645015238741776
-3.1516975192646917,-2.1335517111522315
-3.1021610212282527,-6.769755849671709
-3.9474535961001003,3.545697454535323
-2.9492885432861797,-0.665049761808223
-3.4046775259950945,-2.721766653903618
-2.8217607885244598,-2.6372049454995894
-2.64915199792503,-2.289474015535455
-3.3912342468458667,-0.821418547224275
-3.644711699231026,5.184285663719851
-3.5439915246363713,-0.5424381425897038
-3.182070211136185,-0.7253079338793977
-3.371426499977778,-3.0338048381395124
-4.085680277939329,2.1286704069277347
-3.8159712194424165,5.49425279910236
-3.348580414653634,-3.792538839887327
-4.119654579039439,6.116739231007444
-3.957102609366525,0.49454320025704485
-3.998424363511282,1.7286103224630747
-3.2795746201003397,-1.6588397271106767
-4.128859891621311,4.623425244832893
-3.8146426274193788,0.04601810357884356
-3.670242772188887,0.05746036178181779
-4.037400001575478,3.2027734921606577
-2.7277188255504847,-4.0974786109896195
-3.0910137298981875,-1.4720598343961038
-3.333030068542922,1.1081555681163036
-3.532278802406061,-1.3486276257939274
-3.6509033622834544,0.05823292130107022
-2.888414716757487,-0.9391589681089405
-3.637990266856209,0.8906983205556283
-2.688697855170389,-0.9086969650742557
-3.6377691809049693,0.7370813395441838
-3.461041736279791,0.5348228058105311
-2.51034217770833,-3.579653263140421
-3.814896018257553,4.538618475642709
-3.5689624055853373,2.101349974824959
-4.482143507964039,3.352127939923396
-3.1540134103763893,-3.3887851787295022
-3.35479643041584,-1.6594521689882606
-3.290406480161379,-2.249171519486468
-3.543882815991486,1.4207907653726455
-2.5985924253776242,-6.507936423328898
-3.1684647184431474,0.21028844593824841
-3.0459951617380274,-2.7239830974778245
-4.42350913857015,8.139888135907487
-3.00956479233615,-1.2411997637267458
-2.161802962000206,-12.319789210723755
-3.5632580348491456,1.9412801489789675
-3.723954505615588,2.728301801608472
-3.2895122063726063,-1.8274561040995545
-3.411233547206338,-3.8548515115231856
-4.0109573803412175,-1.522342606187858
-2.418745646407882,-6.3355727007492195
-3.2087781810048086,-0.5174631971454926
-4.301429455297158,1.1737054905414044
-3.2556216553622357,1.0387683200598234
-3.5261796279858166,0.18434046644248753
-2.9566908844415627,-4.463474383443553
-2.8698558515578934,-2.7731449852239267
-3.365487830702426,-2.2575576824025227
-2.920367347181277,-4.358096126026065
-2.882232676198303,-2.480330375585104
-3.3380876903130954,1.5124724793672812
-2.8374251020944543,-1.901090600658838
-3.1570000130960985,-1.9177577367209437
-2.4482339589864286,-5.589524464719314
-3.431884627240998,-0.3440877254316133
-3.9147797849502872,-0.5617585780595089
-4.315734545662065,-0.5093287352416547
-4.405483489017576,1.2359381036661563
-2.8526662713515414,-4.51487364075297
-2.795815108869971,-1.2309416303752356
-3.9625306153739284,1.6856449178753992
-3.731302092950866,-2.3104007850601938
-2.6347537841463624,-2.0031751663766295
-3.0759982132459447,-4.730510271424695
-2.689685735316244,-3.3242594840089024
-3.394182104486849,-0.7236498419263622
-3.519285089502042,-2.3697960170096697
-3.6080049344004794,-3.4967449501116254
-3.24806315243961,-5.262501734199242
-2.4389960011981224,-5.100850184051941
-2.5679465930874277,-7.840698500029671
-3.330506476835049,-1.5179018497316414
-3.295020426418446,-0.668514909720364
-3.068411570621496,-3.590576283136781
-3.236623402642277,-3.1076504323772873
-2.2095706082528204,-8.612365270722796
-3.547470169958768,2.591043497502639
-3.7070151402787226,2.404403573189132
-2.147792421273856,-11.97998734902886
-3.2812846572693704,-1.219381757385654
-2.692918454488501,-7.0947448816551075
-2.794965409134599,-4.688053379603924
-3.553611289971106,-0.3329014858262239
-3.885022428847297,6.165423720422989
-3.261555129763259,-1.2580371929273175
-3.59295084112315,-0.764399850982508
-2.7856998177888683,-5.995753474594722
-4.029778941538784,6.76913742204332
-2.183548081783795,-5.70271619426221
-3.519586685046882,-0.37802661574783203
-2.963456155181267,-4.5597486542904235
-3.2473512184165316,-8.180083931712971
-3.6187229067839435,3.497274027298115
-3.8573711832335613,-3.9870210178198837
-3.192690425720615,-0.0021138822699035
-3.3554751291900886,0.19498105060956805
-3.3146805942523856,0.6551334289750688
-4.491754780853539,2.1184042877643376
-4.659338969213439,7.003061765313557
-1.945372009649576,-8.647904310241078
-3.453738705103609,-2.3158890360569457
-4.2053717911164235,6.891299552231718
-2.5557899980920613,-7.651342941087725
-2.7679701190728068,-4.7001515483684315
-3.428866568419283,-1.6235508600171291
-2.628543716083631,-2.231958466334616
-2.966721942163067,-4.245228278303146
-3.185358166675181,-0.7924842230079937
-3.054874219355222,-1.18611648131736
-2.4811822354934208,-6.141875260452564
-3.1012524720399437,-6.400422669479164
-2.409475263126448,-12.64887191047292
-3.3428098432220787,-1.2434372317625548
-3.305792432276748,-2.482036355018767
-3.5871879590700275,-1.5541643358578914
-3.201751746706268,-1.9983043204548474
-3.0370015232620924,-1.4920974623837981
-2.9409193397051947,-4.25552192963811
-2.855127525651721,-6.934825887212766
-3.0232172146925373,-3.2122001497645094
-2.731234291086283,-6.528585656263669
-3.55275067643249,0.00708904579370051
-2.3850589361967125,-4.769848764544719
-3.0151873738402393,-4.912716674815501
-3.180975279550534,-3.318560275775291
-3.67416586977784,0.3079152242133257
-3.278404706339803,-1.5913545089027197
-3.0964224482923113,1.1591515777451622
-4.1661969413595275,5.842686579453458
-3.5035765502934244,-2.7385972566593706
-3.4981682975047894,-0.6268769817427782
-3.127446545564629,-5.8793467836311954
-2.593799736291519,-7.697428356312162
-2.719905149116311,-7.195651072998715
-3.488745833086312,-0.40131569576918896
-3.5108564649424334,-2.5831982110042464
-3.0513353041880955,-2.1941290908109377
-3.220158580166348,-1.0597710855406817
-4.395764527751664,5.1291748506757555
-4.313225354505317,2.370770189977688
-3.269365176063238,-4.896679795482864
-4.429768093047009,4.148757454011397
-3.076720333425189,-3.307909361423212
-2.467256452862011,-5.489950061580479
-3.6243214343311276,1.312817870422248
-3.7768081176428074,3.3162443972797186
-3.5679797725552636,1.774644343669563
-3.7366460167765303,1.3412729604840616
-3.3807365390230544,3.197967760730553
-2.678099423519132,-2.3637714208547624
-2.2678133059518393,-4.977488334476236
-3.6627450786080953,2.5853392410489198
-3.0893170857342964,-0.9239440894580659
-4.169796144166147,3.9741426913316173
-3.298822148011657,3.490395669022046
-4.339863505848003,5.412459248583273
-3.2441321844337185,-2.9648626282139317
-3.789132841478826,-0.641292288477036
-2.9932545044637764,-3.616653128244722
-3.258749767117388,-7.062203417933635
-2.750826064448009,-3.2167001159760886
-2.3308083771914876,-4.492888938082254
-3.583494662441273,-1.1119567855996275
-2.516645531201181,-8.319831054537858
-3.0287476952864454,-1.340228327300776
-3.084810245112706,-1.8745832817965802
-3.796592876571654,1.3807048977911598
-3.6566624512421244,0.6198917326262899
-4.6732075665002775,5.88919819357589
-3.695847002861461,-1.2217199422983969
-3.819339274675796,1.6349733475718582
-1.9970811715264398,-4.633335501529906
-3.5249397430310934,1.431294703821703
-2.6983402199025472,-2.6207965370670743
-3.3868114888181333,0.21343296863668298
-2.8535014767480082,-1.1705979455157913
-3.5243407418826824,1.4843072902779655
-2.8471078448663456,-2.639479126143658
-2.544424294988687,-6.118377662052406
-3.276564919873319,5.406368184461084
-3.8507113653563785,-0.36614174058486015
-2.972424339082344,1.5034158397446307
-3.5849216887709585,1.460479735887267
-3.0926120804505763,-2.115125596588959
-2.5152970737504288,-4.792531953829844
-3.4205676798502935,-1.3895413519834445
-3.9919699149464947,3.6549039524765132
-3.074943418010323,-8.446765132706997
-2.97393364731178,-4.099783875418837
-3.602663821466375,-1.0979715540255572
-3.483684451674936,-3.7321254201210445
-4.198338226749552,2.3501609995007535
-3.0099060035438265,-5.511933435281687
-3.6082122148609876,-3.5996213372774015
-3.7419544936952365,0.22228350057751245
-2.9344002549381916,-5.599735592992391
-2.826819103899461,-3.8196527817073758
-3.2946455730142667,1.3650176601316035
-3.3264993083646965,0.8169716855879868
-3.2760743729699575,-1.47623495513667
-3.734250916136198,-0.7735713289666505
-3.2553972190626985,-3.8481833884985375
-4.4164152087388615,3.9069042230761335
-2.9089618370693255,0.46495369397466246
-2.605600241912505,-7.794580549213611
-3.6961346441168597,1.9306655825283987
-3.2267482671342287,-1.176431539554222
-3.6755150503048815,1.6599123291404725
-3.8860088713944414,2.392259308460344
-3.2518416094183222,-1.9128130241214243
-3.7718680911254268,2.5477421078948073
-3.47755151883456,-0.2943914457251632
-4.1912376590008735,2.048882312782203
-3.8458803985744066,3.0201884751506967
-4.635594122821615,3.4806582481378436
-3.424735743010364,2.1575601644162212
-3.6898290670029716,-0.4553905809633734
-3.625508085650444,-1.3544537270487662
-2.651684949834341,-0.2780389194245104
-2.9900495471290824,-5.112046050444007
-2.8867224463896144,-2.876533173598389
-4.495264229215302,7.109399743319009
-2.823662669153286,-4.807391903572663
-2.743637942821825,-1.447748361669071
-2.469406979238236,-2.1024878432320993
-3.508811820537975,3.309852637933218
-2.8271426312347248,-3.6555421914459694
-4.723622249316182,8.694753384131252
-2.6576012795639294,-6.379305327608913
-2.945614474144855,-7.623999798113667
-4.156709853501301,2.5251357935212324
-3.849423182458301,5.719866500291514
-3.51371940219593,-2.9661456638355714
-3.61884889974831,2.488371117459712
-4.511683679066325,4.702368295349737
-4.334533834012896,5.25444482883644
-3.3433218297944403,-1.0958907398506947
-3.484959922139385,0.48672801067354793
-2.332601805575036,-6.783815458055093
-3.357718558053476,-5.233945426532628
-3.5610184454127616,1.1136567894097162
-3.768797451529984,-4.124185023922898
-4.295617829293133,-1.4207136067717077
-2.7946588674549036,-4.565461002857504
-2.791520369662439,-6.019372884700924
-2.6456359636675777,-4.901489823341095
-3.1917263159172573,-3.9436255008666343
-3.211079574271213,-2.8333799402295536
-3.938207255700431,5.558934859495032
-2.1278022501594345,-6.04834621777354
-3.4260001006773098,-3.451183476535518
-3.686657158538272,5.376226913799744
-3.7802433462243323,-1.180118029523734
-2.520276040076782,-2.110729438355433
-3.355286232070678,-3.9237899560185894
-3.077819731010577,-1.1492658103745637
-3.0956112699779847,-1.2673663675114895
-3.4300338219873745,-2.420778845870141
-3.3900264059991376,1.2248127091505514
-3.1414413374603147,-3.2517725049016875
-3.0330732441168125,1.1283525104044063
-2.826562431697851,-1.645630719655989
-3.622350871161395,4.379989471593545
-4.859658252173867,7.040289943267007
-3.042629858287518,0.16053800148388286
-3.9308758998650344,-0.3595245486184398
-4.135984451469644,2.3405860945540167
-3.5170005932759163,1.6057393692972708
-4.352421233986038,1.8107021121387936
-2.874148468086078,0.5216424011136704
-3.6363770482783795,-1.7970563458375373
-3.316155296416332,-1.8197962896084725
-3.480652706625071,1.6186457444556495
-3.8989890985119815,3.3150585821712815
-4.0669805613808965,-0.6029112688077053
-4.161734632769623,3.5827554056693947
-3.323143150634197,-0.4309414749468301
-3.7307623894865407,-0.2519165950920401
-2.98386790440445,-0.17821659044478616
-3.9171241640568346,1.0884853263995047
-3.7282765484194136,-4.48528642645136
-3.4858275046509077,1.8825948442032967
-2.84892351439334,-7.02686567508473
-3.523725676932644,3.2729262657429006
-3.4772286380676176,-4.541909189471449
-3.190383169080927,-3.0368977334755085
-3.226017329065204,0.43867797585708146
-3.300963550337387,-4.778601638916982
-4.2712885898246125,5.591797516028992
-3.5727407738370744,-0.1757112488538793
-4.069729116510046,5.262131011432711
-2.8567769940882113,-6.403464954241075
-2.4033910262185496,-5.376306029870072
-3.29796634495494,-2.7405144646466884
-3.0158355760617797,-3.369424557069129
-3.9855953657600423,-1.1558337305240673
-3.577780288925338,-0.37791737833786926
-3.268558668454389,0.4802961865523413
-3.6579552268086157,2.4162117995096373
-2.86467618276601,-2.535767887214095
-2.586797320397092,-5.183084004490788
-3.3832479867673477,-3.9795318923633483
-2.4947061170574325,-3.2576545229501557
-2.5514368467345836,-9.508915198489188
-3.54817290928872,-1.6396146848728907
-3.4142538715891204,-3.675975631753919
-2.630473008685673,-2.9431160593223638
-3.2440207051662258,-6.856642902116237
-3.279045610749428,-2.2008990803249904
-3.4461947099468495,-2.333598263459328
-3.984791821917872,2.3198425666516167
-3.4875861127260213,-0.029769924652357782
-3.667017808764956,-0.5323760545005853
-3.4194995511594035,2.361526210921392
-4.061467439501813,3.153389465922993
-3.3907694986261205,-2.213299658178148
-2.6990880808999664,-4.992221426695226
-3.3302040037708633,-3.409194083464467
-3.1504921245143946,-0.40784364938213097
-3.5391112117192627,1.3872509030230553
-3.8052812552029405,-4.479123389591259
-2.609591704843782,-4.529703589604062
-4.112231036144757,0.3608388849632815
-3.217211651748282,0.5341724631215337
-2.2891686379340555,-5.111338477282386
-3.924661732280483,3.0004545065871486
-3.4835664692910036,-2.397299231516365
-3.190217448306884,-2.0932002619182972
-2.5361869123361993,-6.083751859968036
-3.9242148263181074,-0.31183693744827945
-2.3073709793325614,-5.166063816193239
-3.2471962363268916,-2.6236461279191037
-3.310779195537693,-2.6793277143242635
-3.7282520382754383,5.702142744180824
-4.349087429783991,2.4067202909493686
-4.5577918345249655,6.213468726149935
-3.497401002590667,0.3430870046726754
-2.6221834270460684,-5.043044398884439
-3.346365812892186,-1.9643759250475945
-3.3331994691186915,2.196768566516959
-3.47747067465787,-3.6582762300548866
-3.1762941170410413,-0.2988295605012512
-2.853009176161005,-5.135366818701554
-3.622861854250279,0.5544696034698706
-3.7432853328124,1.5232266627660629
-4.1605762441032965,4.90775320168331
-3.5628559815580743,1.5792959219249392
-3.676333885202305,-4.986196103131715
-3.508668275899593,0.011332528909446749
-2.913105675424823,-2.616445561273461
-2.6477628900534533,-3.7478353615958224
-2.7834987760619323,-6.744714374374706
-3.579651558919025,-1.2455839311959864
-2.8042346800368123,-4.457521812117573
-2.4101140320095085,-7.555788217430562
-3.0431637969661547,1.0739098278955965
-2.9905228174383325,-6.741670285679436
-3.858480952157311,-0.5620328210073803
-4.515542516607704,11.144717292722525
-2.4172632368834703,-5.720731534988108
-3.315721605429795,2.878998827241233
-3.385651173787866,1.5081579913312027
-3.2043558873894886,-2.1778208885329375
-2.7313066217463264,-4.8255333834233385
-3.6032643072894324,4.56794855474393
-2.975263747600945,-6.777668437902502
-2.8271307354203965,-3.9211567823047733
-3.687957183763289,-4.416206008342224
-2.6518713304127624,-3.43715464634135
-4.315632487472451,5.4260820995473855
-3.4413419490790185,-0.6743542216052939
-3.438369774021921,-1.585632020093949
-2.9818408579706905,-2.741729471450485
-3.423139259099877,-0.19026242618135286
-2.437381421689795,-5.609636286512229
-2.1363105961870406,-7.779806657295701
-3.1546113846938857,-3.8398694719785254
-3.395143766785901,-1.5473280296655805
-3.779874501074184,0.9381833211797669
-3.1045279789942524,-3.392884733794796
-2.751028911055153,-5.183313612319536
-3.1173500427886935,0.9842195449244708
-4.645887258175754,10.930265590420664
-3.612207494467717,-1.5560649336354293
-2.6796287544398565,-7.9993688772098
-2.8111701301437635,-3.5882873406714317
-2.6631619612532136,-3.189351288845348
-3.4835922856529136,-3.0018551702580267
-3.197318829479933,1.671916428053175
-4.055020051142623,1.5941152047178968
-2.701545551673594,-2.067111976684549
-3.8406428776756814,2.5039242052084427
-3.8087751316600014,5.742170506657526
-2.477820849777361,-3.402064849733417
-3.372337410608136,0.1781470135880498
-3.58523883880749,0.32190528631355075
-3.2540426675854883,-2.7808510173309884
-3.013847094056538,0.31263378832201316
-3.217883834968718,0.17705227975325494
-3.9423113112135324,2.2486764932537424
-3.2303980145309987,-2.6042658222477524
-3.572259673883648,-1.410015310773312
-2.0635748882109093,-6.203717483317943
-4.162417301413088,4.388143538479296
-3.1068103427075258,-2.072542027689224
-2.89211498086832,2.5176729431126477
-3.1339839603124826,-3.129591023543126
-3.3037248671471575,0.9559261479508872
-3.1448109066344925,-0.8392102132334098
-4.295853051784981,5.743385539305435
-3.898946769624174,5.173898226393063
-3.4273583984118603,-2.7336034036069408
-4.118794745092889,1.8534801342396716
-3.796228174651148,1.4357126633426394
-3.662714662280225,0.5089933363516055
-3.6854808989424592,2.6894752680344443
-3.8321272194978366,3.668852863452046
-3.315539585007094,-1.9194207883966967
-2.972921967385741,0.6915479933645419
-3.922111929103878,0.3789474333556762
-4.2223624836107145,3.366050184641889
-4.481911895168473,2.9028534078414046
-3.2890713675814056,1.3101573794170265
-3.5817238152169977,-3.681170683528652
-4.2780262014769175,6.335886160694889
-2.8477644493028595,-3.2993509402264642
-2.8579757804707113,-3.097119587630413
-3.438259315002805,-3.543034807353374
-3.399476687084279,-0.8082832600099993
-3.0803062897404354,1.038507521144129
-3.9044767043583586,-0.1796411851271747
-3.3030347329678156,-3.893825222375412
-4.157004975737194,1.3530496113511425
-3.611812203715209,-0.9361348347358491
-2.498654435213655,-11.050065197304995
-3.9013820533522368,3.0752482301010406
-3.647564957085115,-2.289098099391531
-3.609595095307886,-2.880930347531039
-4.404560095843923,3.191871491915191
-3.4714246703965594,0.5846601072945847
-4.075954952048809,2.4981975390267372
-2.750063478371046,-2.888786222177478
-2.150121382784268,-3.4081752533203256
-3.6963853331784895,0.7198373463407663
-3.312506576545312,0.001653204471159464
-3.31174920467156,-2.347342609806882
-2.7956714748149127,-6.178170737958089
-2.841784850600278,-7.2025176177735455
-4.133053427009388,7.4071378827821555
-3.111060943796005,-1.7865902201718533
-3.1726448815806,-1.7234429772547861
-3.5503725642962762,1.2143982385082543
-3.8471991063908435,2.409287900577975
-3.395291312440081,-3.996144216499125
-3.784178079159985,-3.160850431821487
-4.23704810742978,4.429176313124952
-3.294959852014812,0.10422114133616828
-3.1678874403219224,-6.0008200090781445
-2.7307608585622627,-7.449903112268229
-4.101008720271248,2.9824215879752334
-2.598291092836426,-3.625105680144118
-3.4180829042172802,2.996535656623177
-3.8738879443443266,2.0828168998501155
-4.06610798383922,1.824740804445899
-3.099002269825077,-0.13520367460488497
-4.489869029553151,4.367850469080873
-2.3355283097034314,-5.404117901641353
-3.6323314234141924,-2.7930154338827395
-4.295084359513303,3.0553757078161774
-4.1444792850303545,5.32744308017714
-3.127019967166797,-1.0204775218666264
-2.866427349991531,-7.1845817490261155
-3.546647628220212,-1.0640163451603286
-3.625984907243632,4.875090391727657
-3.0632245289560056,-1.805438366052115
-3.4928345514196457,-0.5061238749753882
-4.650875841655563,2.186129692385113
-4.365167334827409,6.401955405580333
-3.0082855645854836,0.010101855583967367
-4.40273905831488,7.494175605617342
-3.491652948853665,1.19638056755496
-2.7217023260621227,-5.472607315364609
-2.429786716734643,-1.7848066989044307
-3.1865699394735167,-2.5500503860140307
-3.726802676648563,1.4517410191003797
-3.936914450921633,-0.4504530433194821
-3.4623905394840686,-1.704665029191819
-3.2230456660010804,-0.21749445115420502
-2.937893167032629,-3.309170171841609
-2.034762654570161,-8.653105599154728
-2.06553907817928,-7.98544537204786
-3.4320405171288275,-1.7665944207107942
-3.0163276618515016,2.2753983548444507
-4.146994601714283,-3.7048592304232937
-3.1079002143770875,-7.259065344169749
-3.561734614103656,1.732670466051081
-3.6230154048630894,-3.175945583446849
-3.8079722795200874,-1.3904118691251361
-3.236535808746521,-3.0856180554411843
-3.5343531339304026,-0.491193034177444
-3.065483411809229,-4.386967441565484
-3.293323983710439,0.3881352730853227
-3.6791009088954185,5.002818349687036
-3.0312474837858545,-6.595942376666377
-2.8265479057468945,-6.354290201896259
-2.501897956576358,-1.9043695539511096
-3.1628547333130115,-2.9542798407882103
-3.102371640326645,-3.8398275009348293
-3.857788524213651,-0.7098631640159047
-3.250007340848093,-3.9444834075136432
-3.280874073302543,0.4976497918285154
-3.157802442204542,-1.3995271650919043
-3.061382202934416,-2.126542705863429
-3.8534984472466176,3.5947167666266324
-2.643521278674249,-0.606082101608088
-3.1750561867399734,0.9808676962354466
-4.6731235241493385,6.7208828834026395
-3.7027176621057,0.17552913356269406
-3.057803539683395,-1.4537670012760429
-2.8714555267839157,-1.7902659570681996
-3.991791277812965,4.0351374912159
-3.0536201861746863,-4.0022348985955425
-4.153575500377219,6.460834096993092
-3.987559182278488,2.9938097094469147
-2.7878399784185643,-6.09128203436221
-3.4929299789393666,2.631436344524066
-4.072675679345943,1.2837900266719917
-4.396552007642604,2.8344042886398126
-3.4323857913081053,-2.4143312870498987
-3.338180829153211,-0.1029977980624397
-3.2020537971453784,-1.8009575487534497
-3.021196677206273,-3.847738930674617
-3.6052790359192755,2.2161312346648216
-3.076810530390432,-2.87490722973679
-3.3050992686660474,1.669935121955447
-4.29835315812885,2.368328710815301
-3.768631321224634,4.159217612458251
-3.4070042283579616,-0.19290896194653967
-3.395914062103955,1.7245434041072545
-2.914107685832503,1.009351940095911
-3.2119239078165833,-2.454798720468327
-4.659015402488988,8.753576147187678
-3.5203361045285915,-3.410120922065374
-3.370914321842424,-3.8321155232183033
-2.995348392209988,-3.3773104357296244
-4.136633504537006,2.2047307570603922
-3.1770857545880866,-2.842580601651296
-2.9377600891151032,-3.8532961108655295
-3.8465647072489437,2.753707106534582
-2.7746844003869047,-7.804946678986608
-2.837551511410263,-6.166442354534577
-3.4910743663167536,-2.479768526954686
-4.515718980548173,3.501332311901021
-3.782808930365438,1.679692585564003
-3.93726740111094,3.626149143648995
-3.4571921708944604,2.2610580561067923
-2.703056073992582,-7.013668092025981
-2.7281309434040213,-2.5725001032301584
-3.1128371474849015,-2.70392351068122
-2.996233401077457,-4.327965614199006
-3.5161910039341295,3.011956197739625
-3.9606220415498306,3.993175142033345
-3.204448422239174,-5.681406954212774
-3.3971497349934907,0.08432410733170992
-3.041223865730168,-3.405886848880083
-2.4830077803943733,-7.212604019501152
-2.981986963372005,-8.563882587424452
-4.196108871878818,5.139018078707454
-4.4665517656933895,2.6128708119252435
-3.9291493755268974,3.809559013443539
-3.686817474735576,3.7488595965226894
-2.8123844752036673,-4.341253840547469
-3.567977495744949,-3.462894015367419
-3.9953981267666214,3.3354861539742666
-2.849314568808914,-6.742721434347713
-2.057951278148791,-6.306626536773864
-3.942404254252963,3.743007234555445
-3.4428920081432315,-0.790103574346328
-3.2983778633465093,-3.889182301152534
-2.7194755050971837,-7.632605453916223
-3.4619223061805076,2.5851358107646583
-4.000938949845105,3.039104652766876
-3.5876078654816586,0.419987402948777
-3.4427470972412686,-0.22992197935477043
-3.3247053211349495,-0.352619700415046
-4.02218599474636,0.6094134387791131
-3.3367369595243437,-3.961783371446324
-2.5143768526745416,-9.703416862518221
-2.8504883929815805,-3.9781975503657576
-2.5461421498827868,-3.8278300190683203
-3.423939972337368,1.546543599270033
-3.734020770445299,2.518675275812212
-3.80623671547383,3.1356704854634074
-3.4937277970201794,-0.5486697008834132
-3.1596737959782906,-4.062243929333768
-3.53401703405171,4.6154265575865026
-3.694050616556625,-1.383795467195036
-3.786480546341176,-3.2414572218589868
-2.8762076249156894,-0.42563244068379924
-2.98105153045627,-1.1892808284264844
-2.871327017346777,-0.4722104148348392
-3.4774618606025833,-2.085015740935826
-2.978749670247756,-6.1498566437340285
-2.902145277655342,-4.301740301041446
-2.8736693013694583,-0.9154366440844217
-2.700921758293506,-2.0993876847147517
-2.0475226032118776,-10.554323901043796
-3.7918744332145673,4.755737275882364
-3.7547826361924495,-2.8597911248981154
-3.369105637671366,-1.9292871757771524
-2.381145474966891,-7.907074293504954
-4.17698076258495,-0.48513839223260613
-3.9533244144137556,-0.3169752140270877
-2.3231712707649685,-5.492502599798728
-3.405220391957787,-1.938500507707148
-3.67110572790959,2.6148809734700214
-3.670352624192623,1.023624622020362
-4.25612471875012,4.147742231104402
-2.3838337857567753,-5.954972255078779
-3.8706820860991797,2.446852189955642
-3.7402467707918525,-0.7290583967944853
-4.660957865031747,7.0278544457915135
-3.8604152450956466,4.077301065757299
-4.175670720644913,3.3563869124452967
-3.255780179448614,1.2669211335795747
-2.863359346404498,-3.2757871047758833
-3.509075051846706,-1.5325672479258614
-2.6377354996903373,-2.6594152957785737
-2.7375935014275603,-7.40333194730213
-3.218559290803424,-2.861394531201543
-2.8714016873335466,-1.6863915211474487
-3.1460309732800193,0.11052071852691425
-4.553426006474706,7.186469595688272
-3.2650576254638657,-0.4803921877485097
-2.8714516290531136,-6.481689085870917
-3.975652073393721,1.429688270507377
-2.5477927194718624,-5.0647007364486605
-3.3171242754408365,-2.538118458893254
-3.1001952974569718,-3.827417847410655
-3.1412823401111654,-2.4719090153611183
-2.445456211121101,-1.8712845081911413
-2.9004007531614673,-0.11808903201487975
-3.1332742080784595,-2.742464634652474
-3.800673133297886,1.5215110582910714
-3.2829700830925814,-0.6938321567952045
